{"about":{"title":"About","id":"about","subheader":"","body":["<p class='down-2'>I am a Class of 2017 Course 6-3 (computer science!) major who occasionally makes things. I like speakers, all things web, computer vision, and questionably smart choices.</p>","<img class='down-1' src='/assets/me.jpg'>"]},"contact":{"title":"Contact","id":"contact","body":["<p class='down-2'>Have a burning desire to talk to me? Now you can!<p>","<p class='down-1 social'>email: <a class='blue underline' href='mailto:chwalsh@mit.edu'>chwalsh@mit.edu</a></p>","<p class='social'>github: <a class='blue underline' target='_blank' href='https://github.com/kctess5'>kctess5</a></p>","<p class='social'>flickr: <a class='blue underline' target='_blank' href='https://www.flickr.com/photos/96683714@N08'>coreywalsh1</a></p>"]},"ideas":{"title":"Ideas","id":"ideas","subheader":"Things I *might* get around to","articles":[{"title":"Real-time in Browser Depth Map via UVC","date":"","description":"Think stereoscopic webcams + FPGA + image registration pretending to be a normal webcam"},{"title":"LED Blinder 2.0","date":"","description":"So that I can remind myself why I don't do hardware"},{"title":"Fancy Markov Generated Rap","date":"","description":"If Lil-B can do it, it MUST be possible"},{"title":"USB to Browser through Web Audio API","date":"","description":"Because browser limitations are annoying."},{"title":"","date":"","description":""}]},"projects":{"title":"Projects","id":"projects","subheader":"Things I actually get around to","body":["<p class='down-2 bold'>This page is still in progress! More extended descriptions will be available soon.</p>"],"articles":[{"title":"Stickir - <i>in progress</i>","id":"stickir","date":"","description":"My family's [in progress] startup, doing cool things with technology and construction engineering. More to come on this soon!"},{"title":"Reactor - <i>in progress</i>","id":"reactor","date":"","description":"A new website for MIT K12 Videos","detailed":["<img class='shadow full-width' src='/assets/main.jpg'>","<img class='shadow down-2 full-width' src='/assets/showpage.jpg'>"]},{"title":"Desktop Speakers","id":"desktop-speakers","date":"","description":"Alpair 7.3 Fullrange Driver + Folded Tabaq","detailed":["<img src='/assets/desktop3.jpg'>","<p class='full-width down-1'>I recently got sick of not building speakers, so I decided to have another go at it and make my desk a nice setup. I wanted something that was small(ish), could work without a subwoofer, and wasn't too expensive. I've always wanted to use the venerable <a class='blue' target='_blank' href='https://www.madisoundspeakerstore.com/approx-4-fullrange/markaudio-alpair-7a-gold-cone-4-full-range/'>Mark Audio Alpair 7.3</a>; considering their price and reputaion for making good bass I decided that it was time. <br><br> I've made <a class='blue' target='_blank' href='http://www.coolcat.dk/bjoern/TABAQ%20BOX%20Cabinet%20build.pdf'>this specific cabinet design</a> before, so I immediately thought of pairing it with the Alpairs. Shout out and many thanks to Bjørn Johannesen! A small amount of internet sleuthing later I convinced myself that that was the right choice, and modeled it in SolidWorks. Turns out waterjetting MDF is NOT such a great idea...</p>","<img class='down-1 shadow' src='/assets/desktop1.jpg'>","<img class='full-width shadow' src='/assets/desktop2.jpg'>"]},{"title":"KeithAndCassie.us","id":"keithandcassie","date":"","description":"A wedding announcement for my brother + (now) wife.","detailed":["<p class='down-1'>Keith asked me to make this website in anticipation of his wedding. I had a bit of fun with it and this was the result...</p>"],"href":"http://keithandcassie.us"},{"title":"Mikey's Run","id":"mikeysrun","date":"","description":"A fundraiser to support those affected by the Boston Marathon bombing.","detailed":["<p class='down-1'>In response to the events of the 2013 Boston Marathon, Harris Stolzenberg and I created Mikey's Run - a fundraiser to support the victims, inspired Harris's brother Mikey, a quadruple amputee and athelete. Thousands of contributors from around the world funded our campaign and sponsored Harris in the 2014 Marathon. All in all, we raised around $230,000 (including 100K from Oprah) which went directly to the Scott Rigsby Foundation to fund long term rehabilitation costs.</p>"],"href":"http://mikeysrun.com"},{"title":"Football Stadium Sound System","id":"stadium-sound","date":"","description":"Senior project gone horribly awesome","detailed":["<div class='embed-container'><iframe src='http://www.youtube.com/embed/AIgY99MDAqI' frameborder='0' allowfullscreen></iframe></div>","<div class='down-1 embed-container'><iframe src='http://www.youtube.com/embed/BOwhWyn5ymE' frameborder='0' allowfullscreen></iframe></div>","<img class='down-1 full-width shadow' src='/assets/senior/1.jpg'>","<img class='down-1 full-width shadow' src='/assets/senior/2.jpg'>","<img class='down-1 full-width shadow' src='/assets/senior/3.jpg'>","<img class='down-1 full-width shadow' src='/assets/senior/4.jpg'>","<img class='down-1 full-width shadow' src='/assets/senior/5.jpg'>","<img class='down-1 full-width shadow' src='/assets/senior/6.jpg'>","<img class='down-1 full-width shadow' src='/assets/senior/7.jpg'>","<img class='down-1 full-width shadow' src='/assets/senior/8.jpg'>","<img class='down-1 full-width shadow' src='/assets/senior/9.jpg'>","<img class='down-1 full-width shadow' src='/assets/senior/10.jpg'>","<img class='down-1 full-width shadow' src='/assets/senior/11.jpg'>","<img class='down-1 full-width shadow' src='/assets/senior/12.jpg'>","<img class='down-1 full-width shadow' src='/assets/senior/13.jpg'>"]},{"title":"The Aikos","id":"aikos","date":"","description":"Very spiffy Fostex Horns, currently living in California.","detailed":["<p>Hands down my favorite pair of speakers I've built so far. They sound just as good as they look.</p>","<img class='down-1 full-width shadow' src='/assets/aikos.jpg'>","<p class='down-1'>The drivers are FE108E-Sigma's modified by <a href='http://www.planet10-hifi.com/' target='_blank'>Planet-10</a> and purchased used (off of the Dave himself). The enclosures are back loaded horns called Aikos from the <a href='http://www.frugal-horn.com/spawn.html' target='_blank'>Spawn family</a> of designs.<br><br>I used patinated copper veneer for the baffle and zebrawood veneer covers the front, top, and back. The sides are about 8 coats of high gloss black paint, sanded from low to high grit between every coat and then buffed.<br><br>These speakers are paired with the <a class='meta' href='#projects/sofa-sub'>Sofa Subwoofer</a> for earth-shattering bass.</p>"]},{"title":"Sofa Subwoofer","id":"sofa-sub","date":"","description":"You see Ivan, when subwoofer in couch, you never run out of wubs.","detailed":["<p>One of my favorite builds. A truly massive negatively-tapered horn hidden in a couch. This was the \"yolo, let's build a massive horn\" high school project designed for nothing less than massive wubs and sub-20hz bass.</p>","<img class='down-1 full-width shadow' src='/assets/sofa/3.jpg'>","<p class='down-1'>This sub uses two push-pull Dayton 'Classic Woofers,' in a purpose designed horn. For more info, see my thread on diyaudio.com.</p>","<img class='down-1 full-width shadow' src='/assets/sofa/1.jpg'>","<img class='down-1 full-width shadow' src='/assets/sofa/2.jpg'>","<img class='down-1 full-width shadow' src='/assets/sofa/4.jpg'>","<img class='down-1 full-width shadow' src='/assets/sofa/5.jpg'>"]},{"title":"Assorted Speakers","id":"assorted-speakers","date":"","description":"That feel when too many speakers.","detailed":["<img class='down-1 full-width shadow' src='/assets/assorted/1.jpg'>","<img class='down-1 full-width shadow' src='/assets/assorted/2.jpg'>","<img class='down-1 full-width shadow' src='/assets/assorted/3.jpg'>","<img class='down-1 full-width shadow' src='/assets/assorted/4.jpg'>","<img class='down-1 full-width shadow' src='/assets/assorted/5.jpg'>","<img class='down-1 full-width shadow' src='/assets/assorted/6.jpg'>","<img class='down-1 full-width shadow' src='/assets/assorted/7.jpg'>","<img class='down-1 full-width shadow' src='/assets/assorted/8.jpg'>","<img class='down-1 full-width shadow' src='/assets/assorted/9.jpg'>","<img class='down-1 full-width shadow' src='/assets/assorted/10.jpg'>","<img class='down-1 full-width shadow' src='/assets/assorted/11.jpg'>"]},{"title":"Assorted Subwoofers","id":"assorted-subwoofers","date":"","description":"So many wubs, so little time.","detailed":["<img class='down-1 full-width shadow' src='/assets/assorted/s1.jpg'>","<img class='down-1 full-width shadow' src='/assets/assorted/s2.jpg'>","<img class='down-1 full-width shadow' src='/assets/assorted/s3.jpg'>","<img class='down-1 full-width shadow' src='/assets/assorted/s4.jpg'>","<img class='down-1 full-width shadow' src='/assets/assorted/s5.jpg'>","<img class='down-1 full-width shadow' src='/assets/assorted/s6.jpg'>"]},{"title":"Vinyl Line Arrays","id":"line-arrays","date":"","description":"My first ever speakers!","detailed":["<p>Imperfect but lovable line arrays that was my first real build. The woofers are Tang Band something-er-others that were once upon a time on Parts-Express buyout. These things go loud! They performed admirably as the main sound system at an outdoor dance party (with some help from a MASSIVE Brahm Exodus Anarchy-powered sealed subwoofer).</p>","<img class='down-1 full-width shadow' src='/assets/v1.jpg'>","<img class='down-1 full-width shadow' src='/assets/v2.jpg'>","<img class='down-1 full-width shadow' src='/assets/v3.jpg'>"]},{"title":"Photography","id":"photography","date":"","description":"Sometimes I take pictures","detailed":"<p>And then I put the good ones on flickr for your perusal!</p>","href":"https://www.flickr.com/photos/96683714@N08"},{"title":"Just a tad of Rocketry","id":"rockets","date":"","description":"There was that one time I did rocket team for a few months...","detailed":["<img class='down-1 full-width shadow' src='/assets/r1.jpg'>","<img class='down-1 full-width shadow' src='/assets/r2.jpg'>","<img class='down-1 full-width shadow' src='/assets/r3.jpg'>","<img class='down-1 full-width shadow' src='/assets/r4.jpg'>"]},{"title":"Ski Bench","id":"ski-bench","date":"","description":"A fun and useful weekend project.","detailed":["<p>We had old skis, I had time... poof! a bench appears. Currently living at our cabin in Big Bear, CA.</p>","<img class='down-1 full-width shadow' src='/assets/bench.jpg'>"]},{"title":"Twitter Mining","id":"twitter-mining","date":"","description":"Moderately derpy, somewhat entertaining class project","detailed":""},{"title":"Kitchen Lighting System","id":"kitchen-lights","date":"","description":"Because who doesn't want to have a rave whilst chopping tomatoes.","detailed":["<div class='embed-container'><iframe src='http://www.youtube.com/embed/hW9ygYUFkhk' frameborder='0' allowfullscreen></iframe></div>"]},{"title":"LED Blinder 1.0","id":"led-blinder","date":"","description":"An early foray","detailed":["<div class='embed-container'><iframe src='http://www.youtube.com/embed/ZxeKui1IL0w' frameborder='0' allowfullscreen></iframe></div>","<p class='down-2'>I made this sophomore year of high school so that I could have the coolest room lighting system on the block. While fairly unreliable, it proved to be a somewhat successful project. It was the inspiration behind the <a class='meta' href='#projects/beat-detection'>Processing Beat Detection algorithm</a> which is actually running on the laptop on the wall in this video.</p>"]},{"title":"Processing Beat Detection","id":"beat-detection","date":"","description":"A relatively early attempt at signal analysis","detailed":["<div class='down-1 embed-container'><iframe src='http://www.youtube.com/embed/QVX2F6kUaRQ' frameborder='0' allowfullscreen></iframe></div>","<p class='down-2'>The 2.0 version of the algorithm. It is a predictive algorithm that monitors many frequency bands at the same time for \"local beats\" and then combines all of that information to detect \"global beats.\"<br><br>This version of the code (above) was used by Frog Design at the 2013 SxSW kickoff party.<br><br>Interested? Check out the source code on <a href='https://github.com/kctess5/Processing-Beat-Detection' target='_blank'>Github</a>.</p>","<div class='down-3 embed-container'><iframe src='http://www.youtube.com/embed/GtMZPCQ84Qc' frameborder='0' allowfullscreen></iframe></div>","<p class='down-2'>The earlier iteration of the algorithm. Basically just an implementation of the Minim audio analysis library.</p>"]}]},"random":{"title":"Random","id":"random","subheader":"everything... else?","body":[],"articles":[{"title":"Adorable Animals","id":"animals","date":"","description":"So fluffy!","detailed":["<img class='full-width shadow' src='/assets/fluff/trudi.jpg'>"]},{"title":"Classes I'm taking","id":"classes","date":"","description":"The woes of course six-dom","detailed":["<p>6.857: Network and Computer Security</p>","<p>6.856: Randomized Algorithms</p>","<p>6.344: Digital Image Processing</p>","<p>6.004: Computation Structures</p>","<p>6.UAT: Oral Communication</p>","<p>CMS.633: Digital Humanities</p>"]},{"title":"Classes I've taken","id":"classes-taken","date":"","description":"The woes of course six-dom (cont...)","detailed":["<p>6.01: Introduction to Electrical Engineering and Computer Science</p>","<p>6.006: Intro to Algorithms</p>","<p>6.042: Discrete Mathematics</p>","<p>18.06: Linear Algebra</p>","<p>All General Institute Requirements</p>"]}]},"sidebar":{"title":"Corey Walsh","toplinks":[{"title":"Projects","id":"projects","href":"#projects"},{"title":"Ideas","id":"ideas","href":"#ideas"},{"title":"Random","id":"random","href":"#random"},{"title":"About","id":"about","href":"#about"},{"title":"Resume","id":"resume","href":"/assets/corey_walsh_resume.pdf","blank":true}],"bottomlinks":[{"title":"Contact","id":"contact","href":"#contact"},{"title":"Github","id":"git","href":"https://github.com/kctess5","blank":true},{"title":"<span style='font-size: 10px;'>Source code</span>","id":"source","href":"https://github.com/kctess5/coreyhwalsh","blank":true}]}}